{
    "generatedAt": "2026-04-08T08:53:21.184Z",
    "dataset": "kh_data_10000b",
    "dictionarySize": 101107,
    "sentences": 87875,
    "viterbiBoundaryPenalty": 6,
    "results": [
        {
            "strategy": "fmm",
            "boundaryMetrics": {
                "precision": 0.7389590880931359,
                "recall": 0.8777328403908118,
                "f1": 0.8023899271060564
            },
            "tokenMetrics": {
                "precision": 0.5805834190709648,
                "recall": 0.6896148132097119,
                "f1": 0.630419592658994
            },
            "exactMatchRate": 0.0195049786628734,
            "oovRate": 0.2795967261677915,
            "oovBoundaryF1": 0.41607808762784193,
            "elapsedMs": 6890
        },
        {
            "strategy": "bmm",
            "boundaryMetrics": {
                "precision": 0.7343977103762669,
                "recall": 0.8739485022492605,
                "f1": 0.7981189298675725
            },
            "tokenMetrics": {
                "precision": 0.5740953639060494,
                "recall": 0.683185386262814,
                "f1": 0.6239076879037041
            },
            "exactMatchRate": 0.017923186344238975,
            "oovRate": 0.2772092990771114,
            "oovBoundaryF1": 0.4193050121230462,
            "elapsedMs": 10510
        },
        {
            "strategy": "bimm",
            "boundaryMetrics": {
                "precision": 0.7411968864397788,
                "recall": 0.8787328745267351,
                "f1": 0.8041263100480274
            },
            "tokenMetrics": {
                "precision": 0.5831673557397034,
                "recall": 0.6913794920277777,
                "f1": 0.6326796867211796
            },
            "exactMatchRate": 0.020051209103840683,
            "oovRate": 0.2772717565015437,
            "oovBoundaryF1": 0.4185533671848793,
            "elapsedMs": 15537
        },
        {
            "strategy": "viterbi",
            "boundaryMetrics": {
                "precision": 0.7209409995902525,
                "recall": 0.9286007091367025,
                "f1": 0.8116997829438296
            },
            "tokenMetrics": {
                "precision": 0.5123809185810109,
                "recall": 0.6599670217297414,
                "f1": 0.5768842119301628
            },
            "exactMatchRate": 0.006190611664295875,
            "oovRate": 0.03149685960134198,
            "oovBoundaryF1": 0.8874803257373571,
            "elapsedMs": 23469
        }
    ]
}
